<BackupInst xmlns="http://www.microsoft.com/GroupPolicy/GPOOperations/Manifest"><GPOGuid><![CDATA[{87A1FE2B-2FAB-4D57-A476-2202F886C33A}]]></GPOGuid><GPODomain><![CDATA[talktalk.local]]></GPODomain><GPODomainGuid><![CDATA[{097c14ee-89d3-4fe1-8154-2917f39f6c4c}]]></GPODomainGuid><GPODomainController><![CDATA[TALK-DCN01.talktalk.local]]></GPODomainController><BackupTime><![CDATA[2021-02-22T17:29:08]]></BackupTime><ID><![CDATA[{8ABBEC42-27AE-4F39-84B9-410B9FECCB4A}]]></ID><Comment><![CDATA[]]></Comment><GPODisplayName><![CDATA[MS15-011 - HardenedPaths GPO]]></GPODisplayName></BackupInst>
