<BackupInst xmlns="http://www.microsoft.com/GroupPolicy/GPOOperations/Manifest"><GPOGuid><![CDATA[{C4636790-04D9-4ACA-A686-CAB152C9292B}]]></GPOGuid><GPODomain><![CDATA[TestAD.local]]></GPODomain><GPODomainGuid><![CDATA[{09af3b85-ad72-4ea8-81f6-5f61488127a5}]]></GPODomainGuid><GPODomainController><![CDATA[GPOtestDC.TestAD.local]]></GPODomainController><BackupTime><![CDATA[2021-04-16T10:20:22]]></BackupTime><ID><![CDATA[{4456848C-CA2F-4C67-8082-146CBBE81ED3}]]></ID><Comment><![CDATA[WavenetCIT - StoreBitlockerInAD]]></Comment><GPODisplayName><![CDATA[WavenetCIT - StoreBitlockerInAD]]></GPODisplayName></BackupInst>
