<BackupInst xmlns="http://www.microsoft.com/GroupPolicy/GPOOperations/Manifest"><GPOGuid><![CDATA[{9C6DBD44-3FAC-47DF-BF0B-28B6814F1EB3}]]></GPOGuid><GPODomain><![CDATA[churchfarm.local]]></GPODomain><GPODomainGuid><![CDATA[{951c308d-91bf-4ea9-aedf-e8ac9e87340c}]]></GPODomainGuid><GPODomainController><![CDATA[CHURCHDC1.churchfarm.local]]></GPODomainController><BackupTime><![CDATA[2018-10-12T08:49:23]]></BackupTime><ID><![CDATA[{4DE83BF8-C295-4758-BABB-70B3D978675A}]]></ID><Comment><![CDATA[Pyranet - RMM]]></Comment><GPODisplayName><![CDATA[Pyranet - RMM]]></GPODisplayName></BackupInst>
