<BackupInst xmlns="http://www.microsoft.com/GroupPolicy/GPOOperations/Manifest"><GPOGuid><![CDATA[{5E02F92E-FF85-4D16-A755-DFDDD8A737C4}]]></GPOGuid><GPODomain><![CDATA[NPTA.local]]></GPODomain><GPODomainGuid><![CDATA[{99b73ebb-675a-428f-bf0e-ddc814d79d8a}]]></GPODomainGuid><GPODomainController><![CDATA[NPTA-DC01.NPTA.local]]></GPODomainController><BackupTime><![CDATA[2021-09-16T16:15:36]]></BackupTime><ID><![CDATA[{EF8C9621-83F6-46FC-BB3F-AA63CA31B3AD}]]></ID><Comment><![CDATA[DisableFastStartUp]]></Comment><GPODisplayName><![CDATA[DisableFastStartup]]></GPODisplayName></BackupInst>
